ID|Title|text|description|number|numbertext|picture|pollID|poll|questionID|question
ИД|Текст варианта ответа|Пояснение к варианту ответа|Номер варианта ответа|numbertext|Картинка|Опрос:ИД|Опрос|Вопрос:BL|Вопрос
30||Очень высокий||1|string|1. Очень высокий||12| Информационная открытость деятельности администрации города|18|1. Оцените уровень своей информированности о деятельности администрации города?​​​
31||Высокий||2|string|2. Высокий||12| Информационная открытость деятельности администрации города|18|1. Оцените уровень своей информированности о деятельности администрации города?​​​
32||Средний||3|string|3. Средний||12| Информационная открытость деятельности администрации города|18|1. Оцените уровень своей информированности о деятельности администрации города?​​​
33||Низкий||4|string|4. Низкий||12| Информационная открытость деятельности администрации города|18|1. Оцените уровень своей информированности о деятельности администрации города?​​​
34||Очень низкий||5|string|5. Очень низкий||12| Информационная открытость деятельности администрации города|18|1. Оцените уровень своей информированности о деятельности администрации города?​​​
35||Затрудняюсь ответить||6|string|6. Затрудняюсь ответить||12| Информационная открытость деятельности администрации города|18|1. Оцените уровень своей информированности о деятельности администрации города?​​​
36||Да, вполне достаточно||1|string|1. Да, вполне достаточно||12| Информационная открытость деятельности администрации города|19|2. Достаточно ли вам информации о деятельности администрации города, которая размещена на официальном сайте администрации города?
37||Достаточно, но хотелось бы знать больше||2|string|2. Достаточно, но хотелось бы знать больше||12| Информационная открытость деятельности администрации города|19|2. Достаточно ли вам информации о деятельности администрации города, которая размещена на официальном сайте администрации города?
38||Да||1|string|1. Да||12| Информационная открытость деятельности администрации города|20|3.  Вы считаете информацию, размещенную на официальном сайте администрации города объективной?
39||Скорее, да||2|string|2. Скорее, да||12| Информационная открытость деятельности администрации города|20|3.  Вы считаете информацию, размещенную на официальном сайте администрации города объективной?
40||Да||1|string|1. Да||12| Информационная открытость деятельности администрации города|21|4. Информация о деятельности муниципальной власти достоверная и полная?
41||Скорее, да||2|string|2. Скорее, да||12| Информационная открытость деятельности администрации города|21|4. Информация о деятельности муниципальной власти достоверная и полная?
42||1-2 раза в год||1|string|1. 1-2 раза в год||12| Информационная открытость деятельности администрации города|22|5. ​Как часто вы обращаетесь в структурные подразделения администрации города за информацией?​
43||1-2 раза в квартал||2|string|2. 1-2 раза в квартал||12| Информационная открытость деятельности администрации города|22|5. ​Как часто вы обращаетесь в структурные подразделения администрации города за информацией?​
44||Переписка (через письма по почте)||1|string|1. Переписка (через письма по почте)||12| Информационная открытость деятельности администрации города|23|6. Какая форма обращения в администрацию города Вам предпочтительнее?
45||Лично||2|string|2. Лично||12| Информационная открытость деятельности администрации города|23|6. Какая форма обращения в администрацию города Вам предпочтительнее?
46||Недостаточно||3|string|3. Недостаточно||12| Информационная открытость деятельности администрации города|19|2. Достаточно ли вам информации о деятельности администрации города, которая размещена на официальном сайте администрации города?
47||Затрудняюсь ответить||4|string|4. Затрудняюсь ответить||12| Информационная открытость деятельности администрации города|19|2. Достаточно ли вам информации о деятельности администрации города, которая размещена на официальном сайте администрации города?
48||Скорее, нет||3|string|3. Скорее, нет||12| Информационная открытость деятельности администрации города|20|3.  Вы считаете информацию, размещенную на официальном сайте администрации города объективной?
49||Нет||4|string|4. Нет||12| Информационная открытость деятельности администрации города|20|3.  Вы считаете информацию, размещенную на официальном сайте администрации города объективной?
50||Затрудняюсь ответить||5|string|5. Затрудняюсь ответить||12| Информационная открытость деятельности администрации города|20|3.  Вы считаете информацию, размещенную на официальном сайте администрации города объективной?
51||Скорее, нет||3|string|3. Скорее, нет||12| Информационная открытость деятельности администрации города|21|4. Информация о деятельности муниципальной власти достоверная и полная?
52||Нет||4|string|4. Нет||12| Информационная открытость деятельности администрации города|21|4. Информация о деятельности муниципальной власти достоверная и полная?
53||Затрудняюсь ответить||5|string|5. Затрудняюсь ответить||12| Информационная открытость деятельности администрации города|21|4. Информация о деятельности муниципальной власти достоверная и полная?
54||1-2 раза в месяц||3|string|3. 1-2 раза в месяц||12| Информационная открытость деятельности администрации города|22|5. ​Как часто вы обращаетесь в структурные подразделения администрации города за информацией?​
55||1-2 раза за несколько лет||4|string|4. 1-2 раза за несколько лет||12| Информационная открытость деятельности администрации города|22|5. ​Как часто вы обращаетесь в структурные подразделения администрации города за информацией?​
56||Не обращаюсь никогда||5|string|5. Не обращаюсь никогда||12| Информационная открытость деятельности администрации города|22|5. ​Как часто вы обращаетесь в структурные подразделения администрации города за информацией?​
57||Затрудняюсь ответить||6|string|6. Затрудняюсь ответить||12| Информационная открытость деятельности администрации города|22|5. ​Как часто вы обращаетесь в структурные подразделения администрации города за информацией?​
58||По телефону||3|string|3. По телефону||12| Информационная открытость деятельности администрации города|23|6. Какая форма обращения в администрацию города Вам предпочтительнее?
59||Через виртуальную приемную на сайте||4|string|4. Через виртуальную приемную на сайте||12| Информационная открытость деятельности администрации города|23|6. Какая форма обращения в администрацию города Вам предпочтительнее?
60||По электронной почте||5|string|5. По электронной почте||12| Информационная открытость деятельности администрации города|23|6. Какая форма обращения в администрацию города Вам предпочтительнее?
61||Затрудняюсь ответить||6|string|6. Затрудняюсь ответить||12| Информационная открытость деятельности администрации города|23|6. Какая форма обращения в администрацию города Вам предпочтительнее?
62||Сквер «Серебряный», ул. Высотная, 15||1|string|1. Сквер «Серебряный», ул. Высотная, 15||13|Выбор объекта благоустройства|24|1. Благоустройство какого городского общественного места стоит продолжить в рамках реализации федерального проекта «Формирование современной городской среды»?
63||Сквер «Космонавтов», между ул. Терешковой и ул. Николаева ||2|string|2. Сквер «Космонавтов», между ул. Терешковой и ул. Николаева ||13|Выбор объекта благоустройства|24|1. Благоустройство какого городского общественного места стоит продолжить в рамках реализации федерального проекта «Формирование современной городской среды»?
64||Сквер по ул. Юности, 22–24 ||3|string|3. Сквер по ул. Юности, 22–24 ||13|Выбор объекта благоустройства|24|1. Благоустройство какого городского общественного места стоит продолжить в рамках реализации федерального проекта «Формирование современной городской среды»?
65||Парк «Кировский», ул. Кутузова, 91–91 б ||4|string|4. Парк «Кировский», ул. Кутузова, 91–91 б ||13|Выбор объекта благоустройства|24|1. Благоустройство какого городского общественного места стоит продолжить в рамках реализации федерального проекта «Формирование современной городской среды»?
66||Сквер у Красноярского цирка, пр. им. газеты «Красноярский рабочий», 153 ||5|string|5. Сквер у Красноярского цирка, пр. им. газеты «Красноярский рабочий», 153 ||13|Выбор объекта благоустройства|24|1. Благоустройство какого городского общественного места стоит продолжить в рамках реализации федерального проекта «Формирование современной городской среды»?
67||Сквер «Универсиады», ул. Свердловская, 101–109 ||6|string|6. Сквер «Универсиады», ул. Свердловская, 101–109 ||13|Выбор объекта благоустройства|24|1. Благоустройство какого городского общественного места стоит продолжить в рамках реализации федерального проекта «Формирование современной городской среды»?
68||Сквер по ул. 9 Мая от ул. Авиаторов до ул. Урванцева||7|string|7. Сквер по ул. 9 Мая от ул. Авиаторов до ул. Урванцева||13|Выбор объекта благоустройства|24|1. Благоустройство какого городского общественного места стоит продолжить в рамках реализации федерального проекта «Формирование современной городской среды»?
69||Сквер «Чернышевского», ул. Березина, 67–73 ||8|string|8. Сквер «Чернышевского», ул. Березина, 67–73 ||13|Выбор объекта благоустройства|24|1. Благоустройство какого городского общественного места стоит продолжить в рамках реализации федерального проекта «Формирование современной городской среды»?
70||Озеро-парк «Октябрьский», ул. Норильская||9|string|9. Озеро-парк «Октябрьский», ул. Норильская||13|Выбор объекта благоустройства|24|1. Благоустройство какого городского общественного места стоит продолжить в рамках реализации федерального проекта «Формирование современной городской среды»?
71||Правобережная набережная р. Енисей. на участке от ул. Матросова, 2 до ул. Гладкова, 8а||1|string|1. Правобережная набережная р. Енисей. на участке от ул. Матросова, 2 до ул. Гладкова, 8а||13|Выбор объекта благоустройства|25|2. Благоустройство какого городского общественного места стоит провести в первую очередь?
72||Сквер «Журналистов», пр-т Металлургов, 32-34||2|string|2. Сквер «Журналистов», пр-т Металлургов, 32-34||13|Выбор объекта благоустройства|25|2. Благоустройство какого городского общественного места стоит провести в первую очередь?
73||Сквер «Энтузиастов» (набережная за пр. им. газеты «Красноярский рабочий», 120 и зеленая зона у ЗАГСа) ||3|string|3. Сквер «Энтузиастов» (набережная за пр. им. газеты «Красноярский рабочий», 120 и зеленая зона у ЗАГСа) ||13|Выбор объекта благоустройства|25|2. Благоустройство какого городского общественного места стоит провести в первую очередь?
74||Сквер «Тимошенкова», ул. Алеши Тимошенкова, 195 ||4|string|4. Сквер «Тимошенкова», ул. Алеши Тимошенкова, 195 ||13|Выбор объекта благоустройства|25|2. Благоустройство какого городского общественного места стоит провести в первую очередь?
75||Сквер «Калининский», пер. Индустриальный, 3-5 ||5|string|5. Сквер «Калининский», пер. Индустриальный, 3-5 ||13|Выбор объекта благоустройства|25|2. Благоустройство какого городского общественного места стоит провести в первую очередь?
76||Сквер «Фестивальный», ул. Новая Заря, 2 ||6|string|6. Сквер «Фестивальный», ул. Новая Заря, 2 ||13|Выбор объекта благоустройства|25|2. Благоустройство какого городского общественного места стоит провести в первую очередь?
77||Сквер «Слобода Весны», ул. Алексеева, 115 ||7|string|7. Сквер «Слобода Весны», ул. Алексеева, 115 ||13|Выбор объекта благоустройства|25|2. Благоустройство какого городского общественного места стоит провести в первую очередь?
78||Сквер по ул. 2-я Краснофлотская, между жилыми домами  №№ 17а-22||8|string|8. Сквер по ул. 2-я Краснофлотская, между жилыми домами  №№ 17а-22||13|Выбор объекта благоустройства|25|2. Благоустройство какого городского общественного места стоит провести в первую очередь?
79||Защита Родины||1|string|1. Защита Родины||14|Голосуем за название сквера в честь 75-летия Победы!|27|1. Какое из наименований, на ваш взгляд, наиболее подходит для названия общественного пространства в Свердловском районе, посвященного Великой Победе?
80||Гордости и славы||2|string|2. Гордости и славы||14|Голосуем за название сквера в честь 75-летия Победы!|27|1. Какое из наименований, на ваш взгляд, наиболее подходит для названия общественного пространства в Свердловском районе, посвященного Великой Победе?
81||Народный сквер Героев||3|string|3. Народный сквер Героев||14|Голосуем за название сквера в честь 75-летия Победы!|27|1. Какое из наименований, на ваш взгляд, наиболее подходит для названия общественного пространства в Свердловском районе, посвященного Великой Победе?
82||Под знаменем Победы||4|string|4. Под знаменем Победы||14|Голосуем за название сквера в честь 75-летия Победы!|27|1. Какое из наименований, на ваш взгляд, наиболее подходит для названия общественного пространства в Свердловском районе, посвященного Великой Победе?
83||Сквер Победы||5|string|5. Сквер Победы||14|Голосуем за название сквера в честь 75-летия Победы!|27|1. Какое из наименований, на ваш взгляд, наиболее подходит для названия общественного пространства в Свердловском районе, посвященного Великой Победе?
84||Сквер сибирских воинов||6|string|6. Сквер сибирских воинов||14|Голосуем за название сквера в честь 75-летия Победы!|27|1. Какое из наименований, на ваш взгляд, наиболее подходит для названия общественного пространства в Свердловском районе, посвященного Великой Победе?
85||Проект 1||1|string|1. Проект 1||15|Выбор лучшего проекта комплекса крематория|28|1. По Вашему мнению, какой проект является лучшим? 
86||Проект 2||2|string|2. Проект 2||15|Выбор лучшего проекта комплекса крематория|28|1. По Вашему мнению, какой проект является лучшим? 
87||Проект 3||3|string|3. Проект 3||15|Выбор лучшего проекта комплекса крематория|28|1. По Вашему мнению, какой проект является лучшим? 
88||Проект 4||4|string|4. Проект 4||15|Выбор лучшего проекта комплекса крематория|28|1. По Вашему мнению, какой проект является лучшим? 
89||Да||1|string|1. Да||17|Механизм платы за отопление|33|1. Хотели бы Вы, чтобы оплата отопления осуществлялась только в отопительный период (сентябрь-май) по показаниям общедомового прибора, то есть по фактическому потреблению?
90||Нет||2|string|2. Нет||17|Механизм платы за отопление|33|1. Хотели бы Вы, чтобы оплата отопления осуществлялась только в отопительный период (сентябрь-май) по показаниям общедомового прибора, то есть по фактическому потреблению?
91||Спортивное направление – организация пространств для занятий различными видами спорта||1|string|1. Спортивное направление – организация пространств для занятий различными видами спорта||18|Пути развития острова Татышева|34|1. Как вы думаете, в какую сторону должен развиваться остров Татышев?
92||Развлекательное направление – пляж, летние кафе, парк аттракционов||2|string|2. Развлекательное направление – пляж, летние кафе, парк аттракционов||18|Пути развития острова Татышева|34|1. Как вы думаете, в какую сторону должен развиваться остров Татышев?
93||Музейно-парковое направление – выставочный комплекс, дендропарк||3|string|3. Музейно-парковое направление – выставочный комплекс, дендропарк||18|Пути развития острова Татышева|34|1. Как вы думаете, в какую сторону должен развиваться остров Татышев?
94||Разделить остров на две зоны, изолированные друг от друга, – спортивную и культурно-развлекательную||4|string|4. Разделить остров на две зоны, изолированные друг от друга, – спортивную и культурно-развлекательную||18|Пути развития острова Татышева|34|1. Как вы думаете, в какую сторону должен развиваться остров Татышев?
95||Несколько раз в неделю||1|string|1. Несколько раз в неделю||18|Пути развития острова Татышева|35|2. Как часто вы посещаете остров Татышев?
96||Несколько раз в месяц||2|string|2. Несколько раз в месяц||18|Пути развития острова Татышева|35|2. Как часто вы посещаете остров Татышев?
97||Несколько раз в год||3|string|3. Несколько раз в год||18|Пути развития острова Татышева|35|2. Как часто вы посещаете остров Татышев?
98||Не посещаю||4|string|4. Не посещаю||18|Пути развития острова Татышева|35|2. Как часто вы посещаете остров Татышев?
99||Весна||1|string|1. Весна||18|Пути развития острова Татышева|36|3. В какое время года вы чаще посещаете остров Татышев?
100||Лето||2|string|2. Лето||18|Пути развития острова Татышева|36|3. В какое время года вы чаще посещаете остров Татышев?
101||Осень||3|string|3. Осень||18|Пути развития острова Татышева|36|3. В какое время года вы чаще посещаете остров Татышев?
102||Зима||4|string|4. Зима||18|Пути развития острова Татышева|36|3. В какое время года вы чаще посещаете остров Татышев?
103||Не посещаю||5|string|5. Не посещаю||18|Пути развития острова Татышева|36|3. В какое время года вы чаще посещаете остров Татышев?
104||Один||1|string|1. Один||18|Пути развития острова Татышева|37|4. Вы предпочитаете посещать остров…
105||С семьёй||2|string|2. С семьёй||18|Пути развития острова Татышева|37|4. Вы предпочитаете посещать остров…
106||С друзьями||3|string|3. С друзьями||18|Пути развития острова Татышева|37|4. Вы предпочитаете посещать остров…
107||Не посещаю||4|string|4. Не посещаю||18|Пути развития острова Татышева|37|4. Вы предпочитаете посещать остров…
108||Просто гуляю||1|string|1. Просто гуляю||18|Пути развития острова Татышева|38|5. Если вы посещаете остров Татышев, то как вы предпочитаете проводить своё время на острове?
109||Занимаюсь активным отдыхом (велосипеды, ролики, коньки, зарядка, скандинавская ходьба, бег и т.д.)||2|string|2. Занимаюсь активным отдыхом (велосипеды, ролики, коньки, зарядка, скандинавская ходьба, бег и т.д.)||18|Пути развития острова Татышева|38|5. Если вы посещаете остров Татышев, то как вы предпочитаете проводить своё время на острове?
110||Посещаю культурные мероприятия, которые проводятся на острове||3|string|3. Посещаю культурные мероприятия, которые проводятся на острове||18|Пути развития острова Татышева|38|5. Если вы посещаете остров Татышев, то как вы предпочитаете проводить своё время на острове?
111||Провожу время с ребёнком на детской площадке||4|string|4. Провожу время с ребёнком на детской площадке||18|Пути развития острова Татышева|38|5. Если вы посещаете остров Татышев, то как вы предпочитаете проводить своё время на острове?
112||Другое||5|string|5. Другое||18|Пути развития острова Татышева|38|5. Если вы посещаете остров Татышев, то как вы предпочитаете проводить своё время на острове?
113||Культурно-массовые мероприятия||1|string|1. Культурно-массовые мероприятия||18|Пути развития острова Татышева|39|6. Какие мероприятия, на ваш взгляд, необходимо проводить на острове?
114||Детские развлекательные мероприятия||2|string|2. Детские развлекательные мероприятия||18|Пути развития острова Татышева|39|6. Какие мероприятия, на ваш взгляд, необходимо проводить на острове?
115||Спортивные массовые мероприятия||3|string|3. Спортивные массовые мероприятия||18|Пути развития острова Татышева|39|6. Какие мероприятия, на ваш взгляд, необходимо проводить на острове?
116||Творческие выставки||4|string|4. Творческие выставки||18|Пути развития острова Татышева|39|6. Какие мероприятия, на ваш взгляд, необходимо проводить на острове?
117||Улучшить бытовой комфорт (увеличить количество туалетов, поставить душевые кабины, расширить камеру хранения и увеличить количество кабинок для переодевания, организовать удобное парковочное пространство и т.д.)||1|string|1. Улучшить бытовой комфорт (увеличить количество туалетов, поставить душевые кабины, расширить камеру хранения и увеличить количество кабинок для переодевания, организовать удобное парковочное пространство и т.д.)||18|Пути развития острова Татышева|40|7. По вашему мнению, что необходимо улучшить в сфере инфраструктуры острова в первую очередь (отранжировать в порядке значимости)?
118||Создать условия для отдыха горожан (обустроить беседки для пикников, создать дополнительные пешеходные дорожки, оборудовать пляж и т.д.)||2|string|2. Создать условия для отдыха горожан (обустроить беседки для пикников, создать дополнительные пешеходные дорожки, оборудовать пляж и т.д.)||18|Пути развития острова Татышева|40|7. По вашему мнению, что необходимо улучшить в сфере инфраструктуры острова в первую очередь (отранжировать в порядке значимости)?
119||Увеличить количество спортивных и детских площадок||3|string|3. Увеличить количество спортивных и детских площадок||18|Пути развития острова Татышева|40|7. По вашему мнению, что необходимо улучшить в сфере инфраструктуры острова в первую очередь (отранжировать в порядке значимости)?
120||Организовать качественное и доступное питание||4|string|4. Организовать качественное и доступное питание||18|Пути развития острова Татышева|40|7. По вашему мнению, что необходимо улучшить в сфере инфраструктуры острова в первую очередь (отранжировать в порядке значимости)?
121||Другое||5|string|5. Другое||18|Пути развития острова Татышева|40|7. По вашему мнению, что необходимо улучшить в сфере инфраструктуры острова в первую очередь (отранжировать в порядке значимости)?
122||Да||1|string|1. Да||18|Пути развития острова Татышева|41|8. Вы бы хотели принять участие в благоустройстве острова?
123||Нет||2|string|2. Нет||18|Пути развития острова Татышева|41|8. Вы бы хотели принять участие в благоустройстве острова?
124||Затрудняюсь ответить||3|string|3. Затрудняюсь ответить||18|Пути развития острова Татышева|41|8. Вы бы хотели принять участие в благоустройстве острова?
125||Мужской||1|string|1. Мужской||18|Пути развития острова Татышева|42|9. Ваш пол
126||Женский||2|string|2. Женский||18|Пути развития острова Татышева|42|9. Ваш пол
127||До 18 лет||1|string|1. До 18 лет||18|Пути развития острова Татышева|43|10. Ваш возраст
128||18-24 года||2|string|2. 18-24 года||18|Пути развития острова Татышева|43|10. Ваш возраст
129||25-34 года||3|string|3. 25-34 года||18|Пути развития острова Татышева|43|10. Ваш возраст
130||35-44 года||4|string|4. 35-44 года||18|Пути развития острова Татышева|43|10. Ваш возраст
131||45-54 года||5|string|5. 45-54 года||18|Пути развития острова Татышева|43|10. Ваш возраст
132||55 лет и старше||6|string|6. 55 лет и старше||18|Пути развития острова Татышева|43|10. Ваш возраст
133||Спортивное направление – организация пространств для занятий различными видами спорта||1|string|1. Спортивное направление – организация пространств для занятий различными видами спорта||19|Пути развития острова Молокова|44|1. Как вы думаете, в какую сторону должен развиваться остров Молокова?
134||Развлекательное направление – пляж, летние кафе, парк аттракционов||2|string|2. Развлекательное направление – пляж, летние кафе, парк аттракционов||19|Пути развития острова Молокова|44|1. Как вы думаете, в какую сторону должен развиваться остров Молокова?
135||Музейно-парковое направление – выставочный комплекс||3|string|3. Музейно-парковое направление – выставочный комплекс||19|Пути развития острова Молокова|44|1. Как вы думаете, в какую сторону должен развиваться остров Молокова?
136||Разделить остров на две зоны, изолированные друг от друга, – спортивную и культурно-развлекательную||4|string|4. Разделить остров на две зоны, изолированные друг от друга, – спортивную и культурно-развлекательную||19|Пути развития острова Молокова|44|1. Как вы думаете, в какую сторону должен развиваться остров Молокова?
137||Несколько раз в неделю||1|string|1. Несколько раз в неделю||19|Пути развития острова Молокова|45|2. Как часто вы посещаете остров Молокова?
138||Несколько раз в месяц||2|string|2. Несколько раз в месяц||19|Пути развития острова Молокова|45|2. Как часто вы посещаете остров Молокова?
139||Несколько раз в год||3|string|3. Несколько раз в год||19|Пути развития острова Молокова|45|2. Как часто вы посещаете остров Молокова?
140||Не посещаю||4|string|4. Не посещаю||19|Пути развития острова Молокова|45|2. Как часто вы посещаете остров Молокова?
141||Весна||1|string|1. Весна||19|Пути развития острова Молокова|46|3. В какое время года вы чаще посещаете остров Молокова?
142||Лето||2|string|2. Лето||19|Пути развития острова Молокова|46|3. В какое время года вы чаще посещаете остров Молокова?
143||Осень||3|string|3. Осень||19|Пути развития острова Молокова|46|3. В какое время года вы чаще посещаете остров Молокова?
144||Зима||4|string|4. Зима||19|Пути развития острова Молокова|46|3. В какое время года вы чаще посещаете остров Молокова?
145||Не посещаю||5|string|5. Не посещаю||19|Пути развития острова Молокова|46|3. В какое время года вы чаще посещаете остров Молокова?
146||Один||1|string|1. Один||19|Пути развития острова Молокова|47|4. Вы предпочитаете посещать остров…
147||С семьёй||2|string|2. С семьёй||19|Пути развития острова Молокова|47|4. Вы предпочитаете посещать остров…
148||С друзьями||3|string|3. С друзьями||19|Пути развития острова Молокова|47|4. Вы предпочитаете посещать остров…
149||Не посещаю||4|string|4. Не посещаю||19|Пути развития острова Молокова|47|4. Вы предпочитаете посещать остров…
150||Просто гуляю||1|string|1. Просто гуляю||19|Пути развития острова Молокова|48|5. Если вы посещаете остров Молокова, то как вы предпочитаете проводить своё время на острове?
151||Занимаюсь активным отдыхом (велосипеды, ролики, коньки, зарядка, скандинавская ходьба, бег и т.д.)||2|string|2. Занимаюсь активным отдыхом (велосипеды, ролики, коньки, зарядка, скандинавская ходьба, бег и т.д.)||19|Пути развития острова Молокова|48|5. Если вы посещаете остров Молокова, то как вы предпочитаете проводить своё время на острове?
152||Посещаю культурные мероприятия, которые проводятся на острове||3|string|3. Посещаю культурные мероприятия, которые проводятся на острове||19|Пути развития острова Молокова|48|5. Если вы посещаете остров Молокова, то как вы предпочитаете проводить своё время на острове?
153||Провожу время с ребёнком на детской площадке||4|string|4. Провожу время с ребёнком на детской площадке||19|Пути развития острова Молокова|48|5. Если вы посещаете остров Молокова, то как вы предпочитаете проводить своё время на острове?
154||Другое||5|string|5. Другое||19|Пути развития острова Молокова|48|5. Если вы посещаете остров Молокова, то как вы предпочитаете проводить своё время на острове?
155||Нет комфортной инфраструктуры||1|string|1. Нет комфортной инфраструктуры||19|Пути развития острова Молокова|49|6. Если вы НЕ посещаете остров Молокова, то почему?
156||Нет пешеходных дорожек||2|string|2. Нет пешеходных дорожек||19|Пути развития острова Молокова|49|6. Если вы НЕ посещаете остров Молокова, то почему?
157||Там нет культурно-массовых мероприятий||3|string|3. Там нет культурно-массовых мероприятий||19|Пути развития острова Молокова|49|6. Если вы НЕ посещаете остров Молокова, то почему?
158||Далеко живу||4|string|4. Далеко живу||19|Пути развития острова Молокова|49|6. Если вы НЕ посещаете остров Молокова, то почему?
159||Другое||5|string|5. Другое||19|Пути развития острова Молокова|49|6. Если вы НЕ посещаете остров Молокова, то почему?
160||Культурно-массовые мероприятия||1|string|1. Культурно-массовые мероприятия||19|Пути развития острова Молокова|50|7. Какие мероприятия, на ваш взгляд, необходимо проводить на острове?
161||Детские развлекательные мероприятия||2|string|2. Детские развлекательные мероприятия||19|Пути развития острова Молокова|50|7. Какие мероприятия, на ваш взгляд, необходимо проводить на острове?
162||Спортивные массовые мероприятия||3|string|3. Спортивные массовые мероприятия||19|Пути развития острова Молокова|50|7. Какие мероприятия, на ваш взгляд, необходимо проводить на острове?
163||Творческие выставки||4|string|4. Творческие выставки||19|Пути развития острова Молокова|50|7. Какие мероприятия, на ваш взгляд, необходимо проводить на острове?
164||Улучшить бытовой комфорт (обустроить туалеты, помещения для переодевания и камеры хранения, организовать удобное парковочное пространство и т.д.)||1|string|1. Улучшить бытовой комфорт (обустроить туалеты, помещения для переодевания и камеры хранения, организовать удобное парковочное пространство и т.д.)||19|Пути развития острова Молокова|51|8. По вашему мнению, что необходимо улучшить в сфере инфраструктуры острова в первую очередь (отранжировать в порядке значимости)?
165||Создать условия для отдыха горожан (обустроить беседки для пикников, создать дополнительные пешеходные дорожки, оборудовать пляж и т.д.)||2|string|2. Создать условия для отдыха горожан (обустроить беседки для пикников, создать дополнительные пешеходные дорожки, оборудовать пляж и т.д.)||19|Пути развития острова Молокова|51|8. По вашему мнению, что необходимо улучшить в сфере инфраструктуры острова в первую очередь (отранжировать в порядке значимости)?
166||Увеличить количество спортивных и детских площадок||3|string|3. Увеличить количество спортивных и детских площадок||19|Пути развития острова Молокова|51|8. По вашему мнению, что необходимо улучшить в сфере инфраструктуры острова в первую очередь (отранжировать в порядке значимости)?
167||Организовать качественное и доступное питание||4|string|4. Организовать качественное и доступное питание||19|Пути развития острова Молокова|51|8. По вашему мнению, что необходимо улучшить в сфере инфраструктуры острова в первую очередь (отранжировать в порядке значимости)?
168||Другое||5|string|5. Другое||19|Пути развития острова Молокова|51|8. По вашему мнению, что необходимо улучшить в сфере инфраструктуры острова в первую очередь (отранжировать в порядке значимости)?
169||Да||1|string|1. Да||19|Пути развития острова Молокова|52|9. Вы бы хотели принять участие в благоустройстве острова?
170||Нет||2|string|2. Нет||19|Пути развития острова Молокова|52|9. Вы бы хотели принять участие в благоустройстве острова?
171||Затрудняюсь ответить||3|string|3. Затрудняюсь ответить||19|Пути развития острова Молокова|52|9. Вы бы хотели принять участие в благоустройстве острова?
172||Мужской||1|string|1. Мужской||19|Пути развития острова Молокова|53|10. Ваш пол
173||Женский||2|string|2. Женский||19|Пути развития острова Молокова|53|10. Ваш пол
174||До 18 лет||1|string|1. До 18 лет||19|Пути развития острова Молокова|54|11. Ваш возраст
175||18-24 года||2|string|2. 18-24 года||19|Пути развития острова Молокова|54|11. Ваш возраст
176||25-34 года||3|string|3. 25-34 года||19|Пути развития острова Молокова|54|11. Ваш возраст
177||35-44 года||4|string|4. 35-44 года||19|Пути развития острова Молокова|54|11. Ваш возраст
178||45-54 года||5|string|5. 45-54 года||19|Пути развития острова Молокова|54|11. Ваш возраст
179||55 лет и старше||6|string|6. 55 лет и старше||19|Пути развития острова Молокова|54|11. Ваш возраст
180||Спортивное направление – организация пространств для занятий различными видами спорта||1|string|1. Спортивное направление – организация пространств для занятий различными видами спорта||20|Пути развития острова Отдыха|55|1. Как вы думаете, в какую сторону должен развиваться остров Отдыха?
181||Развлекательное направление – пляж, летние кафе, парк аттракционов||2|string|2. Развлекательное направление – пляж, летние кафе, парк аттракционов||20|Пути развития острова Отдыха|55|1. Как вы думаете, в какую сторону должен развиваться остров Отдыха?
182||Музейно-парковое направление – выставочный комплекс, дендропарк||3|string|3. Музейно-парковое направление – выставочный комплекс, дендропарк||20|Пути развития острова Отдыха|55|1. Как вы думаете, в какую сторону должен развиваться остров Отдыха?
183||Разделить остров на две зоны, изолированные друг от друга, – спортивную и культурно-развлекательную||4|string|4. Разделить остров на две зоны, изолированные друг от друга, – спортивную и культурно-развлекательную||20|Пути развития острова Отдыха|55|1. Как вы думаете, в какую сторону должен развиваться остров Отдыха?
184||Несколько раз в неделю||1|string|1. Несколько раз в неделю||20|Пути развития острова Отдыха|56|2. Как часто вы посещаете остров Отдыха?
185||Несколько раз в месяц||2|string|2. Несколько раз в месяц||20|Пути развития острова Отдыха|56|2. Как часто вы посещаете остров Отдыха?
186||Несколько раз в год||3|string|3. Несколько раз в год||20|Пути развития острова Отдыха|56|2. Как часто вы посещаете остров Отдыха?
187||Не посещаю||4|string|4. Не посещаю||20|Пути развития острова Отдыха|56|2. Как часто вы посещаете остров Отдыха?
188||Весна||1|string|1. Весна||20|Пути развития острова Отдыха|58|3. В какое время года вы чаще посещаете остров Отдыха?
189||Лето||2|string|2. Лето||20|Пути развития острова Отдыха|58|3. В какое время года вы чаще посещаете остров Отдыха?
190||Осень||3|string|3. Осень||20|Пути развития острова Отдыха|58|3. В какое время года вы чаще посещаете остров Отдыха?
191||Зима||4|string|4. Зима||20|Пути развития острова Отдыха|58|3. В какое время года вы чаще посещаете остров Отдыха?
192||Не посещаю||5|string|5. Не посещаю||20|Пути развития острова Отдыха|58|3. В какое время года вы чаще посещаете остров Отдыха?
193||Один||1|string|1. Один||20|Пути развития острова Отдыха|59|4. Вы предпочитаете посещать остров…
194||С семьёй||2|string|2. С семьёй||20|Пути развития острова Отдыха|59|4. Вы предпочитаете посещать остров…
195||С друзьями||3|string|3. С друзьями||20|Пути развития острова Отдыха|59|4. Вы предпочитаете посещать остров…
196||Не посещаю||4|string|4. Не посещаю||20|Пути развития острова Отдыха|59|4. Вы предпочитаете посещать остров…
197||Просто гуляю||1|string|1. Просто гуляю||20|Пути развития острова Отдыха|60|5. Если вы посещаете остров Отдыха, то как вы предпочитаете проводить своё время на острове?
198||Занимаюсь активным отдыхом (велосипеды, ролики, коньки, зарядка, скандинавская ходьба, бег и т.д.)||2|string|2. Занимаюсь активным отдыхом (велосипеды, ролики, коньки, зарядка, скандинавская ходьба, бег и т.д.)||20|Пути развития острова Отдыха|60|5. Если вы посещаете остров Отдыха, то как вы предпочитаете проводить своё время на острове?
199||Посещаю культурные мероприятия, которые проводятся на острове||3|string|3. Посещаю культурные мероприятия, которые проводятся на острове||20|Пути развития острова Отдыха|60|5. Если вы посещаете остров Отдыха, то как вы предпочитаете проводить своё время на острове?
200||Провожу время с ребёнком на детской площадке||4|string|4. Провожу время с ребёнком на детской площадке||20|Пути развития острова Отдыха|60|5. Если вы посещаете остров Отдыха, то как вы предпочитаете проводить своё время на острове?
201||Другое||5|string|5. Другое||20|Пути развития острова Отдыха|60|5. Если вы посещаете остров Отдыха, то как вы предпочитаете проводить своё время на острове?
202||Нет комфортной инфраструктуры||1|string|1. Нет комфортной инфраструктуры||20|Пути развития острова Отдыха|61|6. Если вы НЕ посещаете остров Отдыха, то почему?
203||Нет пешеходных дорожек||2|string|2. Нет пешеходных дорожек||20|Пути развития острова Отдыха|61|6. Если вы НЕ посещаете остров Отдыха, то почему?
204||Далеко живу||3|string|3. Далеко живу||20|Пути развития острова Отдыха|61|6. Если вы НЕ посещаете остров Отдыха, то почему?
205||Другое||4|string|4. Другое||20|Пути развития острова Отдыха|61|6. Если вы НЕ посещаете остров Отдыха, то почему?
206||Культурно-массовые мероприятия||1|string|1. Культурно-массовые мероприятия||20|Пути развития острова Отдыха|62|7. Какие мероприятия, на ваш взгляд, необходимо проводить на острове?
207||Детские развлекательные мероприятия||2|string|2. Детские развлекательные мероприятия||20|Пути развития острова Отдыха|62|7. Какие мероприятия, на ваш взгляд, необходимо проводить на острове?
208||Спортивные массовые мероприятия||3|string|3. Спортивные массовые мероприятия||20|Пути развития острова Отдыха|62|7. Какие мероприятия, на ваш взгляд, необходимо проводить на острове?
209||Творческие выставки||4|string|4. Творческие выставки||20|Пути развития острова Отдыха|62|7. Какие мероприятия, на ваш взгляд, необходимо проводить на острове?
210||Улучшить бытовой комфорт (увеличить количество туалетов, поставить душевые кабины, расширить камеру хранения и увеличить количество кабинок для переодевания, организовать удобное парковочное пространство и т.д.)||1|string|1. Улучшить бытовой комфорт (увеличить количество туалетов, поставить душевые кабины, расширить камеру хранения и увеличить количество кабинок для переодевания, организовать удобное парковочное пространство и т.д.)||20|Пути развития острова Отдыха|63|8. По вашему мнению, что необходимо улучшить в сфере инфраструктуры острова в первую очередь (отранжировать в порядке значимости)?
211||Создать условия для отдыха горожан (обустроить беседки для пикников, создать дополнительные пешеходные дорожки, оборудовать пляж и т.д.)||2|string|2. Создать условия для отдыха горожан (обустроить беседки для пикников, создать дополнительные пешеходные дорожки, оборудовать пляж и т.д.)||20|Пути развития острова Отдыха|63|8. По вашему мнению, что необходимо улучшить в сфере инфраструктуры острова в первую очередь (отранжировать в порядке значимости)?
212||Увеличить количество спортивных и детских площадок||3|string|3. Увеличить количество спортивных и детских площадок||20|Пути развития острова Отдыха|63|8. По вашему мнению, что необходимо улучшить в сфере инфраструктуры острова в первую очередь (отранжировать в порядке значимости)?
213||Организовать качественное и доступное питание||4|string|4. Организовать качественное и доступное питание||20|Пути развития острова Отдыха|63|8. По вашему мнению, что необходимо улучшить в сфере инфраструктуры острова в первую очередь (отранжировать в порядке значимости)?
214||Другое||5|string|5. Другое||20|Пути развития острова Отдыха|63|8. По вашему мнению, что необходимо улучшить в сфере инфраструктуры острова в первую очередь (отранжировать в порядке значимости)?
215||Да||1|string|1. Да||20|Пути развития острова Отдыха|64|9. Вы бы хотели принять участие в благоустройстве острова?
216||Нет||2|string|2. Нет||20|Пути развития острова Отдыха|64|9. Вы бы хотели принять участие в благоустройстве острова?
217||Затрудняюсь ответить||3|string|3. Затрудняюсь ответить||20|Пути развития острова Отдыха|64|9. Вы бы хотели принять участие в благоустройстве острова?
218||Мужской||1|string|1. Мужской||20|Пути развития острова Отдыха|65|10. Ваш пол
219||Женский||2|string|2. Женский||20|Пути развития острова Отдыха|65|10. Ваш пол
220||До 18 лет||1|string|1. До 18 лет||20|Пути развития острова Отдыха|66|11. Ваш возраст
221||18-24 года||2|string|2. 18-24 года||20|Пути развития острова Отдыха|66|11. Ваш возраст
222||25-34 года||3|string|3. 25-34 года||20|Пути развития острова Отдыха|66|11. Ваш возраст
223||35-44 года||4|string|4. 35-44 года||20|Пути развития острова Отдыха|66|11. Ваш возраст
224||45-54 года||5|string|5. 45-54 года||20|Пути развития острова Отдыха|66|11. Ваш возраст
225||55 лет и старше||6|string|6. 55 лет и старше||20|Пути развития острова Отдыха|66|11. Ваш возраст
